name,original_name,latitude,longitude,line,operator,wikipedia,osm_id
Attiguppe Metro Station,Attiguppe,12.9618931,77.5335788,Unknown,Bangalore Metro Rail Corporation Limited,N/A,node/6400857563
BTM Layout Metro Station,BTM Layout,12.9165878,77.6081182,Unknown,Bangalore Metro Rail Corporation Limited,N/A,node/5760198226
Baiyappanahalli Metro Station,Baiyappanahalli,12.9907594,77.6523612,Unknown,Bangalore Metro Rail Corporation Limited,N/A,node/6400857549
Banashankari Metro Station,Banashankari,12.9152208,77.573598,Unknown,Bangalore Metro Rail Corporation Limited,N/A,node/6432710294
Benniganahalli Metro Station,Benniganahalli,12.9965158,77.6684619,Unknown,Bangalore Metro Rail Corporation Limited,N/A,node/5760197766
Beratena Agrahara Metro Station,Beratena Agrahara,12.8638665,77.6578624,Unknown,Bangalore Metro Rail Corporation Limited,N/A,node/5760198153
Biocon Hebbagodi Metro Station,Biocon Hebbagodi,12.8290325,77.6813744,Unknown,Bangalore Metro Rail Corporation Limited,N/A,node/11521199307
Bommanahalli Metro Station,Bommanahalli,12.9106157,77.6264782,Unknown,Bangalore Metro Rail Corporation Limited,N/A,node/5760198202
Central Silk Board Metro Station,Central Silk Board,12.9165816,77.620567,Unknown,Bangalore Metro Rail Corporation Limited,N/A,node/5760198212
Challaghatta Metro Station,Challaghatta,12.8973539,77.4612877,Unknown,Bangalore Metro Rail Corporation Limited,N/A,node/9919570131
Chickpete Metro Station,Chickpete,12.9668974,77.5745566,Unknown,Bangalore Metro Rail Corporation Limited,N/A,node/6432710301
Chikkabidarakallu Metro Station,Chikkabidarakallu,13.0523616,77.4879154,Unknown,Bangalore Metro Rail Corporation Limited,en:Chikkabidarakallu metro station,node/1576973954
Cubbon Park Metro Station,Cubbon Park,12.9809575,77.5975756,Unknown,Bangalore Metro Rail Corporation Limited,N/A,node/6400857555
Dasarahalli Metro Station,Dasarahalli,13.0432607,77.5125535,Unknown,Bangalore Metro Rail Corporation Limited,N/A,node/5960788724
Deepanjali Nagar Metro Station,Deepanjali Nagar,12.9520578,77.5370122,Unknown,Bangalore Metro Rail Corporation Limited,N/A,node/6400857564
Delta Electronics Bommasandra Metro Station,Delta Electronics Bommasandra,12.8193944,77.6883453,Unknown,Bangalore Metro Rail Corporation Limited,N/A,node/5760197806
Doddakallasandra Metro Station,Doddakallasandra,12.8846435,77.5527546,Unknown,Bangalore Metro Rail Corporation Limited,N/A,node/9919651776
"Dr. B. R. Ambedkar Station, Vidhana Soudha Metro Station","Dr. B. R. Ambedkar Station, Vidhana Soudha",12.9787419,77.5916385,Unknown,Bangalore Metro Rail Corporation Limited,N/A,node/6400857556
Electronic City Metro Station,Electronic City,12.8565053,77.6635228,Unknown,Bangalore Metro Rail Corporation Limited,N/A,node/5760198145
Garudacharpalya Metro Station,Garudacharpalya,12.9934505,77.7036768,#e542de,Bangalore Metro Rail Corporation Limited,en:Garudacharapalya metro station,node/5760197762
Goraguntepalya Metro Station,Goraguntepalya,13.0283319,77.5408483,Unknown,Bangalore Metro Rail Corporation Limited,N/A,way/1353733806
Halasuru Metro Station,Halasuru,12.9764992,77.626686,Unknown,Bangalore Metro Rail Corporation Limited,N/A,node/6400857552
Hongasandra Metro Station,Hongasandra,12.9016952,77.6319861,Unknown,Bangalore Metro Rail Corporation Limited,N/A,node/5760198198
Hoodi Metro Station,Hoodi,12.9888029,77.711326,#e542de,Bangalore Metro Rail Corporation Limited,en:Hoodi Junction metro station,node/5760197761
Hopefarm Channasandra Metro Station,Hopefarm Channasandra,12.9873426,77.7538033,#e542de,Bangalore Metro Rail Corporation Limited,en:Channasandra metro station,node/5760197745
Hosa Road Metro Station,Hosa Road,12.8707491,77.652447,Unknown,Bangalore Metro Rail Corporation Limited,N/A,node/5760198162
Huskur Road Metro Station,Huskur Road,12.8391572,77.6773716,Unknown,Bangalore Metro Rail Corporation Limited,N/A,node/5760198122
Indiranagar Metro Station,Indiranagar,12.9783325,77.6386612,Unknown,Bangalore Metro Rail Corporation Limited,N/A,node/6400857551
Infosys Foundation Konappana Agrahara Metro Station,Infosys Foundation Konappana Agrahara,12.8464134,77.6711655,Unknown,Bangalore Metro Rail Corporation Limited,N/A,node/5760198133
Jalahalli Metro Station,Jalahalli,13.0394104,77.5197351,Unknown,Bangalore Metro Rail Corporation Limited,en:Jalahalli metro station,node/5960788725
Jaya Prakash Nagar Metro Station,Jaya Prakash Nagar,12.9074747,77.5731279,Unknown,Bangalore Metro Rail Corporation Limited,N/A,node/6432710293
Jayadeva Hospital Metro Station,Jayadeva Hospital,12.916731,77.5999663,Unknown,Bangalore Metro Rail Corporation Limited,N/A,node/3302642058
Jayanagar Metro Station,Jayanagar,12.9295069,77.5801439,Unknown,Bangalore Metro Rail Corporation Limited,N/A,node/6432710296
Jnanabharathi Metro Station,Jnanabharathi,12.9354357,77.5124063,Unknown,Bangalore Metro Rail Corporation Limited,N/A,node/9049846515
Kadugodi Tree Park Metro Station,Kadugodi Tree Park,12.9856503,77.7470121,Unknown,Bangalore Metro Rail Corporation Limited,en:Kadugodi metro station,node/11941186870
Kengeri Bus Terminal Metro Station,Kengeri Bus Terminal,12.914689,77.4878557,Unknown,Bangalore Metro Rail Corporation Limited,N/A,node/9051395755
Kengeri Metro Station,Kengeri,12.9079105,77.4765784,Unknown,Bangalore Metro Rail Corporation Limited,N/A,node/9051405243
Konanakunte Cross Metro Station,Konanakunte Cross,12.8889671,77.5626665,Unknown,Bangalore Metro Rail Corporation Limited,N/A,node/9919651777
Krantivira Sangolli Rayanna Railway Station Metro Station,Krantivira Sangolli Rayanna Railway Station,12.9758768,77.5653767,Unknown,Bangalore Metro Rail Corporation Limited,N/A,node/6400857559
Krishna Rajendra Market Metro Station,Krishna Rajendra Market,12.9608788,77.5746578,Unknown,Bangalore Metro Rail Corporation Limited,N/A,node/6432710300
Krishnarajapura Metro Station,Krishnarajapura,12.9999024,77.6776703,#e542de,Bangalore Metro Rail Corporation Limited,en:Krishnarajapura metro station,node/5760197765
Kudlu Gate Metro Station,Kudlu Gate,12.8899259,77.6392156,Unknown,Bangalore Metro Rail Corporation Limited,N/A,node/5760198187
Kundalahalli Metro Station,Kundalahalli,12.977594,77.7155586,#e542de,Bangalore Metro Rail Corporation Limited,en:Kundalahalli metro station,node/5760197755
Lalbagh Metro Station,Lalbagh,12.9465265,77.580016,Unknown,Bangalore Metro Rail Corporation Limited,N/A,node/6432710298
Madavara Metro Station,Madavara,13.0574214,77.4728055,Unknown,Bangalore Metro Rail Corporation Limited,en:Madavara metro station,node/1576973953
Magadi Road Metro Station,Magadi Road,12.975632,77.5553523,Unknown,Bangalore Metro Rail Corporation Limited,N/A,node/6400857560
Mahakavi Kuvempu Road Metro Station,Mahakavi Kuvempu Road,12.9985297,77.5568986,Unknown,Bangalore Metro Rail Corporation Limited,N/A,node/6410706689
Mahalakshmi Metro Station,Mahalakshmi,13.0080475,77.5488066,Unknown,Bangalore Metro Rail Corporation Limited,N/A,node/6410706691
Mahatma Gandhi Road Metro Station,Mahatma Gandhi Road,12.9755264,77.6067902,Unknown,Bangalore Metro Rail Corporation Limited,en:Mahatma Gandhi Road metro station (Bangalore),node/6400857554
Manjunathanagara Metro Station,Manjunathanagara,13.0500898,77.4944461,Unknown,Bangalore Metro Rail Corporation Limited,en:Manjunathanagara metro station,node/1576973980
Mantri Square Sampige Road Metro Station,Mantri Square Sampige Road,12.9904629,77.5707293,Unknown,Bangalore Metro Rail Corporation Limited,N/A,node/6410706688
Mysore Road Metro Station,Mysore Road,12.9467183,77.5301588,Unknown,Bangalore Metro Rail Corporation Limited,N/A,node/6400857565
"Nadaprabhu Kempegowda Station, Majestic Metro Station","Nadaprabhu Kempegowda Station, Majestic",12.9757079,77.5728757,Unknown,Bangalore Metro Rail Corporation Limited,en:Majestic metro station,node/6400857558
Nagasandra Metro Station,Nagasandra,13.0479536,77.5001422,Unknown,Bangalore Metro Rail Corporation Limited,en:Nagasandra metro station,node/11941173068
Nallurahalli Metro Station,Nallurahalli,12.9766408,77.7248845,#e542de,Bangalore Metro Rail Corporation Limited,en:Nallurhalli metro station,node/5760197754
National College Metro Station,National College,12.9505266,77.5736898,Unknown,Bangalore Metro Rail Corporation Limited,N/A,node/6432710299
Pantharapalya - Nayandahalli Metro Station,Pantharapalya - Nayandahalli,12.9416715,77.5251166,Unknown,Bangalore Metro Rail Corporation Limited,N/A,node/9050797592
Pattanagere Metro Station,Pattanagere,12.9242505,77.4983509,Unknown,Bangalore Metro Rail Corporation Limited,N/A,node/9051417969
Pattandur Agrahara Metro Station,Pattandur Agrahara,12.9876393,77.7377718,#e542de,Bangalore Metro Rail Corporation Limited,en:Pattandur Agrahara metro station,node/5760197749
Peenya Industry Metro Station,Peenya Industry,13.0363176,77.5254924,Unknown,Bangalore Metro Rail Corporation Limited,N/A,node/6410706696
Peenya Metro Station,Peenya,13.0330189,77.533201,Unknown,Bangalore Metro Rail Corporation Limited,N/A,node/6410706695
Ragigudda Metro Station,Ragigudda,12.9170807,77.5883015,Unknown,Bangalore Metro Rail Corporation Limited,N/A,node/5760198239
Rajajinagar Metro Station,Rajajinagar,13.0005247,77.5496568,Unknown,Bangalore Metro Rail Corporation Limited,N/A,node/6410706690
Rajarajeshwari Nagar Metro Station,Rajarajeshwari Nagar,12.9365996,77.5196788,Unknown,Bangalore Metro Rail Corporation Limited,N/A,node/9051410519
Rashtreeya Vidyalaya Road Metro Station,Rashtreeya Vidyalaya Road,12.9215807,77.5802015,Unknown,Bangalore Metro Rail Corporation Limited,N/A,node/6432710295
Sandal Soap Factory Metro Station,Sandal Soap Factory,13.0146544,77.5539839,Unknown,Bangalore Metro Rail Corporation Limited,en:Sandal Soap Factory metro station,node/6410706692
Seetharampalya Metro Station,Seetharampalya,12.9808558,77.7087854,Unknown,Bangalore Metro Rail Corporation Limited,en:Sitharama Palya metro station,node/5760197757
Silk Institute Metro Station,Silk Institute,12.8617298,77.5299545,Unknown,Bangalore Metro Rail Corporation Limited,N/A,node/9919651773
Singasandra Metro Station,Singasandra,12.8808178,77.6448456,Unknown,Bangalore Metro Rail Corporation Limited,N/A,node/5760198182
Singayyanapalya Metro Station,Singayyanapalya,12.9965445,77.6927176,#e542de,Bangalore Metro Rail Corporation Limited,en:Singayyanapalya metro station,node/5760197764
"Sir M. Visvesvaraya Stn., Central College Metro Station","Sir M. Visvesvaraya Stn., Central College",12.9745197,77.58422,Unknown,Bangalore Metro Rail Corporation Limited,N/A,node/6400857557
South End Circle Metro Station,South End Circle,12.9382573,77.5800556,Unknown,Bangalore Metro Rail Corporation Limited,N/A,node/6432710297
"Sri Balagangadharanatha Swamiji Station, Hosahalli Metro Station","Sri Balagangadharanatha Swamiji Station, Hosahalli",12.9742933,77.5456215,Unknown,Bangalore Metro Rail Corporation Limited,N/A,node/6400857561
Sri Sathya Sai Hospital Metro Station,Sri Sathya Sai Hospital,12.9811949,77.7275361,#e542de,Bangalore Metro Rail Corporation Limited,en:Sri Sathya Sai Hospital metro station,node/5760197751
Srirampura Metro Station,Srirampura,12.9965253,77.5631963,Unknown,Bangalore Metro Rail Corporation Limited,N/A,node/5960788726
Swami Vivekananda Road Metro Station,Swami Vivekananda Road,12.9859306,77.644897,Unknown,Bangalore Metro Rail Corporation Limited,N/A,node/6400857550
Thalaghattapura Metro Station,Thalaghattapura,12.8714097,77.5383958,Unknown,Bangalore Metro Rail Corporation Limited,N/A,node/9919651774
Trinity Metro Station,Trinity,12.9730218,77.6170205,Unknown,Bangalore Metro Rail Corporation Limited,N/A,node/6400857553
Vajarahalli Metro Station,Vajarahalli,12.8774369,77.5447414,Unknown,Bangalore Metro Rail Corporation Limited,N/A,node/9919651775
Vijayanagar Metro Station,Vijayanagar,12.9709559,77.5374044,Unknown,Bangalore Metro Rail Corporation Limited,N/A,node/6400857562
Whitefield (Kadugodi) Metro Station,Whitefield (Kadugodi),12.9957428,77.7579489,#e542de,Bangalore Metro Rail Corporation Limited,en:Whitefield (Kadugodi) metro station,node/5760197744
Yelachenahalli Metro Station,Yelachenahalli,12.8960498,77.5701194,Unknown,Bangalore Metro Rail Corporation Limited,N/A,node/6432710292
Yeshwantpur Metro Station,Yeshwantpur,13.0232678,77.5498751,Unknown,Bangalore Metro Rail Corporation Limited,en:Yeshwanthpur metro station,node/11941186869
