Category,Total Listings
Uncategorized,8197
Dining and Drinking > Restaurant > Indian Restaurant,4854
Business and Professional Services > Office,3969
Retail,3665
Dining and Drinking > Cafe,3534
Coffee,3534
Business and Professional Services,3101
Community and Government > Residential Building > Apartment or Condo,3091
Retail > Computers and Electronics Retail > Mobile Phone Store,2739
Retail > Fashion Retail > Clothing Store,2338
Business and Professional Services > Financial Service,2198
Business and Professional Services > Financial Service > Banking and Finance > Bank,2118
Dining and Drinking > Restaurant,2002
Travel and Transportation > Lodging > Hotel,1875
and Tea House > Café,1816
Dining and Drinking > Bakery,1428
Business and Professional Services > Financial Service > Banking and Finance > ATM,1406
Business and Professional Services > Health and Beauty Service > Hair Salon,1404
Dining and Drinking > Restaurant > Fast Food Restaurant,1393
Business and Professional Services > Manufacturer,1301
Business and Professional Services > Automotive Service > Automotive Repair Shop,1191
Business and Professional Services > Office > Tech Startup,1164
and Tea House > Coffee Shop,1161
Retail > Furniture and Home Store,1049
Landmarks and Outdoors > Structure,1033
Retail > Department Store,1030
Retail > Computers and Electronics Retail > Electronics Store,1008
Health and Medicine > Hospital,977
Community and Government > Education,870
Dining and Drinking > Dessert Shop > Ice Cream Parlor,858
Dining and Drinking > Snack Place,845
Business and Professional Services > Legal Service,819
Dining and Drinking > Juice Bar,808
Business and Professional Services > Computer Repair Service,805
Travel and Transportation > Fuel Station,790
Travel and Transportation > Road,784
Dining and Drinking > Bar,736
Retail > Pharmacy,729
Business and Professional Services > Office > Coworking Space,723
Retail > Fashion Retail > Jewelry Store,700
Retail > Construction Supplies Store,683
Health and Medicine > Medical Center,682
Health and Medicine,666
Dining and Drinking > Restaurant > Pizzeria,660
Retail > Hardware Store,659
Health and Medicine > Dentist,659
Dining and Drinking > Restaurant > Indian Restaurant > South Indian Restaurant,613
Community and Government > Spiritual Center > Temple,580
Retail > Miscellaneous Store,560
Dining and Drinking > Restaurant > Vegan and Vegetarian Restaurant,558
Dining and Drinking > Restaurant > Asian Restaurant > Chinese Restaurant,552
Community and Government > Education > College and University,550
Sports and Recreation > Gym and Studio,544
Dining and Drinking > Dessert Shop,543
Retail > Textiles Store,541
Retail > Cosmetics Store,538
Business and Professional Services > Advertising Agency,519
Health and Medicine > Physician > Doctor's Office,519
Travel and Transportation > Travel Agency,507
Sports and Recreation > Gym and Studio > Gym,506
Retail > Print Store,494
Health and Medicine > Physician,493
Landmarks and Outdoors > States and Municipalities > Neighborhood,489
Dining and Drinking > Restaurant > Asian Restaurant,488
Retail > Fashion Retail > Shoe Store,477
Business and Professional Services > Real Estate Service > Real Estate Agency,472
Retail > Furniture and Home Store > Home Appliance Store,470
Retail > Fashion Retail > Men's Store,468
Dining and Drinking > Food Truck,464
Retail > Fashion Retail > Women's Store,463
Retail > Automotive Retail > Car Parts and Accessories,456
Dining and Drinking > Breakfast Spot,445
Retail > Computers and Electronics Retail,433
Business and Professional Services > Shipping,424
and Material Transportation Service,424
Freight,424
Retail > Automotive Retail > Car Dealership,407
Travel and Transportation,406
Business and Professional Services > Factory,405
and Tea House > Tea Room,405
Business and Professional Services > Health and Beauty Service > Spa,397
Community and Government > Government Building,392
Retail > Food and Beverage Retail,391
Business and Professional Services > Convention Center,383
Business and Professional Services > Home Improvement Service,381
Retail > Convenience Store,375
Business and Professional Services > Event Space,374
Retail > Arts and Crafts Store,359
Dining and Drinking > Bar > Pub,356
Community and Government > Education > College and University > Student Center,352
Business and Professional Services > Metals Supplier,350
Retail > Boutique,348
Landmarks and Outdoors > Park,340
Retail > Eyecare Store,339
Retail > Sporting Goods Retail > Bicycle Store,337
Community and Government > Housing Development,335
Business and Professional Services > Business Service,332
Retail > Food and Beverage Retail > Grocery Store,331
Retail > Gift Store,330
Arts and Entertainment > Movie Theater,315
Retail > Sporting Goods Retail,314
Travel and Transportation > Transport Hub > Bus Station,311
Retail > Shopping Mall,308
Business and Professional Services > Industrial Equipment Supplier,307
Business and Professional Services > Chemicals and Gasses Manufacturer,307
Retail > Drugstore,305
Retail > Bookstore,304
Community and Government > Spiritual Center > Church,303
Business and Professional Services > Home Improvement Service > Interior Designer,297
Business and Professional Services > Financial Service > Accounting and Bookkeeping Service,297
Business and Professional Services > Health and Beauty Service,297
Business and Professional Services > Technology Business > IT Service,284
Dining and Drinking > Restaurant > Burger Joint,280
Business and Professional Services > Real Estate Service > Property Management Office,276
Dining and Drinking > Restaurant > Italian Restaurant,276
Dining and Drinking > Restaurant > Indian Restaurant > North Indian Restaurant,270
Dining and Drinking > Bar > Lounge,264
Business and Professional Services > Architecture Firm,263
Business and Professional Services > Design Studio,260
Community and Government > Education > College and University > College Academic Building,259
Business and Professional Services > Electrical Equipment Supplier,257
Dining and Drinking > Food Court,254
Arts and Entertainment,252
Dining and Drinking > Restaurant > Fried Chicken Joint,251
Dining and Drinking > Restaurant > Diner,249
Retail > Food and Beverage Retail > Supermarket,241
Community and Government > Spiritual Center > Hindu Temple,240
Travel and Transportation > Transportation Service > Public Transportation > Bus Line,234
Community and Government > Assisted Living,232
Business and Professional Services > Business Center,230
Business and Professional Services > Construction,223
Sports and Recreation,221
Health and Medicine > Medical Lab,218
Business and Professional Services > Home Improvement Service > General Contractor,218
Business and Professional Services > Technology Business,217
Retail > Automotive Retail > Motorcycle Dealership,215
Retail > Fashion Retail > Fashion Accessories Store,212
Business and Professional Services > Food and Beverage Service,212
Dining and Drinking > Restaurant > Sandwich Spot,204
Dining and Drinking > Restaurant > BBQ Joint,202
Business and Professional Services > Tailor,198
Dining and Drinking > Restaurant > Indian Restaurant > Andhra Restaurant,197
Retail > Smoke Shop,197
Landmarks and Outdoors > Park > Playground,189
Community and Government > Education > College and University > College Classroom,185
Retail > Stationery Store,180
Dining and Drinking > Cafeteria,180
Dining and Drinking > Restaurant > Indian Restaurant > Karnataka Restaurant,179
Retail > Food and Beverage Retail > Liquor Store,178
Arts and Entertainment > Art Gallery,178
Health and Medicine > Healthcare Clinic,176
Travel and Transportation > Lodging > Hostel,175
Retail > Furniture and Home Store > Mattress Store,173
Retail > Toy Store,172
Business and Professional Services > Plastics Supplier,171
Business and Professional Services > Laundry Service,171
Business and Professional Services > Employment Agency,171
Business and Professional Services > Import and Export Service,169
Retail > Flower Store,168
Business and Professional Services > Automotive Service > Car Wash and Detail,166
Retail > Packaging Supply Store,165
Retail > Fashion Retail > Children's Clothing Store,164
Community and Government > Education > Primary and Secondary School > High School,162
Health and Medicine > Alternative Medicine Clinic,161
Business and Professional Services > Real Estate Service,160
Community and Government > Government Building > Post Office,159
Dining and Drinking > Brewery,157
Landmarks and Outdoors > Other Great Outdoors,156
Business and Professional Services > Legal Service > Law Office,156
Retail > Office Supply Store,155
Dining and Drinking > Restaurant > Indian Restaurant > Kerala Restaurant,152
Community and Government > Education > Trade School,146
Dining and Drinking > Restaurant > Seafood Restaurant,146
Dining and Drinking > Restaurant > Indian Restaurant > Chaat Place,146
Business and Professional Services > Home Improvement Service > Painter,144
Community and Government,140
Community and Government > Spiritual Center,139
Retail > Pet Supplies Store,137
Community and Government > Public and Social Service,135
Business and Professional Services > Home Improvement Service > Mover,133
Dining and Drinking > Restaurant > Middle Eastern Restaurant,132
Arts and Entertainment > Arcade,132
Business and Professional Services > Real Estate Service > Real Estate Development and Title Company,132
Business and Professional Services > Office > Meeting Room,132
Arts and Entertainment > Performing Arts Venue > Music Venue,131
Sports and Recreation > Water Sports > Swimming > Swimming Pool,131
Business and Professional Services > Telecommunication Service,129
Retail > Food and Beverage Retail > Fruit and Vegetable Store,128
Community and Government > Government Building > Law Enforcement and Public Safety > Police Station,127
Business and Professional Services > Engineer,127
Dining and Drinking > Restaurant > American Restaurant,127
Community and Government > Spiritual Center > Mosque,126
Retail > Food and Beverage Retail > Butcher,126
Retail > Market,126
Dining and Drinking > Restaurant > Indian Restaurant > Multicuisine Indian Restaurant,125
Travel and Transportation > Tourist Information and Service > Tour Provider,125
Retail > Fashion Retail,125
Health and Medicine > Optometrist,125
Sports and Recreation > Racquet Sports > Badminton Court,123
Business and Professional Services > Photography Service > Photography Lab,123
Community and Government > Organization > Non-Profit Organization,123
Dining and Drinking > Restaurant > Indian Restaurant > Indian Sweet Shop,122
Ventilating and Air Conditioning Contractor,121
Business and Professional Services > Home Improvement Service > Heating,121
Community and Government > Residential Building,119
Sports and Recreation > Gym and Studio > Yoga Studio,115
Dining and Drinking > Restaurant > Mexican Restaurant,115
Travel and Transportation > Transport Hub > Rental Car Location,114
Business and Professional Services > Event Service,114
Health and Medicine > Veterinarian,113
Travel and Transportation > Lodging > Bed and Breakfast,112
Business and Professional Services > Photography Service > Photography Studio,110
Business and Professional Services > Security and Safety,107
Community and Government > Education > College and University > College Administrative Building,106
Retail > Medical Supply Store,106
Dining and Drinking > Bar > Hotel Bar,103
Travel and Transportation > Parking,102
Community and Government > Education > College and University > University,102
Dining and Drinking > Restaurant > Indian Restaurant > Punjabi Restaurant,101
Business and Professional Services > Financial Service > Financial Planner,101
Arts and Entertainment > Internet Cafe,100
Business and Professional Services > Auditorium,99
Retail > Fashion Retail > Lingerie Store,99
Business and Professional Services > Home Improvement Service > Electrician,98
Arts and Entertainment > Night Club,98
and Tea House,97
Community and Government > Education > College and University > College Auditorium,97
Retail > Food and Beverage Retail > Farmers Market,96
Business and Professional Services > Health and Beauty Service > Dry Cleaner,95
Retail > Fashion Retail > Watch Store,94
Retail > Fashion Retail > Bridal Store,94
Community and Government > Education > Computer Training School,93
Community and Government > Organization,93
Landmarks and Outdoors > Lake,92
Community and Government > Education > Nursery School,92
Business and Professional Services > Office > Campaign Office,92
Travel and Transportation > Transport Hub > Metro Station,92
Retail > Music Store,91
Dining and Drinking > Bar > Hookah Bar,90
Travel and Transportation > Lodging > Resort,87
Sports and Recreation > Gym and Studio > Dance Studio,87
Travel and Transportation > Lodging,86
Business and Professional Services > Insurance Agency,85
Business and Professional Services > Health and Beauty Service > Nail Salon,84
Arts and Entertainment > Psychic and Astrologer,84
Business and Professional Services > Wholesaler,84
Community and Government > Education > College and University > College Lab,83
Business and Professional Services > Office > Business and Strategy Consulting Office,83
Dining and Drinking > Bar > Cocktail Bar,81
Event > Convention,80
Sports and Recreation > Sports Club,80
Business and Professional Services > Technology Business > Software Company,79
Dining and Drinking > Restaurant > Asian Restaurant > Japanese Restaurant,79
Retail > Food and Beverage Retail > Herbs and Spices Store,79
Dining and Drinking > Donut Shop,79
Travel and Transportation > Lodging > Boarding House,78
Retail > Food and Beverage Retail > Health Food Store,78
Arts and Entertainment > Movie Theater > Indie Movie Theater,78
Retail > Garden Center,77
Business and Professional Services > Storage Facility,77
Health and Medicine > Nursing Home,76
Business and Professional Services > Health and Beauty Service > Tattoo Parlor,75
Community and Government > Education > College and University > College Engineering Building,74
Arts and Entertainment > Pool Hall,74
Business and Professional Services > Convention Center > Conference Room,74
Community and Government > Library,74
Dining and Drinking > Dessert Shop > Cupcake Shop,74
Retail > Food and Beverage Retail > Candy Store,71
Retail > Computers and Electronics Retail > Camera Store,71
Community and Government > Education > College and University > College Cafeteria,71
Dining and Drinking > Restaurant > Bistro,70
Dining and Drinking > Restaurant > Asian Restaurant > Thai Restaurant,70
Travel and Transportation > Lodging > Lodge,70
Business and Professional Services > Automotive Service,70
Community and Government > Education > College and University > Medical School,69
Business and Professional Services > Agriculture and Forestry Service,69
Landmarks and Outdoors > Garden,66
Event > Other Event,66
Business and Professional Services > Rubber Supplier,66
Travel and Transportation > Moving Target,66
Retail > Baby Store,66
Community and Government > Education > Music School,65
Business and Professional Services > Wedding Hall,65
Dining and Drinking > Restaurant > Mediterranean Restaurant,65
Dining and Drinking > Food Stand,63
Arts and Entertainment > Bowling Alley,63
Community and Government > Education > College and University > College Library,63
Dining and Drinking > Restaurant > Steakhouse,62
Dining and Drinking > Restaurant > Afghan Restaurant,62
Business and Professional Services > Food and Beverage Service > Caterer,61
Business and Professional Services > Technology Business > Website Designer,61
Community and Government > Organization > Charity,61
Dining and Drinking > Bar > Beer Garden,61
Dining and Drinking > Bar > Sports Bar,60
Dining and Drinking > Restaurant > Gastropub,60
Business and Professional Services > Repair Service,59
Retail > Antique Store,59
Business and Professional Services > Home Improvement Service > Pest Control Service,58
Travel and Transportation > Transport Hub > Bus Stop,58
Travel and Transportation > Transport Hub > Airport > Airport Service,58
Travel and Transportation > Lodging > Motel,56
Business and Professional Services > Search Engine Marketing and Optimization Service,55
Community and Government > Community Center,55
Community and Government > Education > College and University > College Residence Hall,55
Community and Government > Education > Preschool,54
Business and Professional Services > Office > Corporate Amenity,54
Business and Professional Services > Home Improvement Service > Doors and Windows Contractor,54
Travel and Transportation > Tourist Information and Service,54
Business and Professional Services > Paper Supplier,53
Dining and Drinking > Restaurant > Dumpling Restaurant,53
Business and Professional Services > Home Improvement Service > Home Service,53
Retail > Flea Market,52
Business and Professional Services > Automotive Service > Tire Repair Shop,52
Dining and Drinking > Restaurant > Indian Chinese Restaurant,51
Sports and Recreation > Soccer > Soccer Field,51
Arts and Entertainment > Performing Arts Venue,51
Travel and Transportation > Train,51
Landmarks and Outdoors > Historic and Protected Site,51
Retail > Shopping Plaza,51
Retail > Food and Beverage Retail > Wine Store,51
Dining and Drinking > Restaurant > Comfort Food Restaurant,50
Arts and Entertainment > Performing Arts Venue > Concert Hall,50
Retail > Food and Beverage Retail > Gourmet Store,49
Business and Professional Services > Audiovisual Service,49
Business and Professional Services > Financial Service > Banking and Finance,49
Community and Government > Education > College and University > College Technology Building,49
Dining and Drinking > Restaurant > Mexican Restaurant > Burrito Restaurant,48
Travel and Transportation > Transportation Service > Taxi,48
Travel and Transportation > Transport Hub > Rail Station,48
Business and Professional Services > Automotive Service > Transmissions Shop,47
Community and Government > Government Building > Embassy or Consulate,47
Retail > Outlet Store,46
Landmarks and Outdoors > Bridge,46
Dining and Drinking > Restaurant > French Restaurant,46
Retail > Food and Beverage Retail > Fish Market,45
Community and Government > Education > Primary and Secondary School,45
Sports and Recreation > Racquet Sports > Tennis > Tennis Court,45
Community and Government > Organization > Club House,45
Travel and Transportation > Transport Hub > Taxi Stand,44
Business and Professional Services > Home Improvement Service > Carpet and Flooring Contractor,44
Retail > Food and Beverage Retail > Chocolate Store,43
Dining and Drinking > Restaurant > Indian Restaurant > Mughlai Restaurant,43
Retail > Automotive Retail > Car Dealership > Used Car Dealership,43
Travel and Transportation > Transportation Service,43
Landmarks and Outdoors > Farm,43
Dining and Drinking > Dessert Shop > Pastry Shop,43
Dining and Drinking > Restaurant > Fish and Chips Shop,42
Dining and Drinking > Restaurant > Indian Restaurant > Hyderabadi Restaurant,42
Sports and Recreation > Indoor Play Area,42
Landmarks and Outdoors > Field,42
Dining and Drinking > Restaurant > Southern Food Restaurant,41
Dining and Drinking > Restaurant > Theme Restaurant,41
Retail > Furniture and Home Store > Kitchen Supply Store,41
Dining and Drinking > Restaurant > Kebab Restaurant,41
and Tea House > Bubble Tea Shop,41
Business and Professional Services > Machine Shop,41
Dining and Drinking > Dessert Shop > Frozen Yogurt Shop,41
Travel and Transportation > Road > Intersection,40
Community and Government > Government Building > Military > Military Base,40
Landmarks and Outdoors > Park > Dog Park,40
Sports and Recreation > Recreation Center,40
Dining and Drinking > Restaurant > Asian Restaurant > Korean Restaurant,40
Dining and Drinking > Bar > Wine Bar,39
Dining and Drinking > Restaurant > Buffet,39
Arts and Entertainment > Performing Arts Venue > Theater,38
Retail > Warehouse or Wholesale Store,38
Event > Conference,38
Arts and Entertainment > Gaming Cafe,38
Business and Professional Services > Photography Service,38
Travel and Transportation > Travel Lounge,37
Dining and Drinking > Restaurant > Deli,37
Community and Government > Education > Driving School,36
Retail > Furniture and Home Store > Lighting Store,36
Community and Government > Education > College and University > College Science Building,36
Sports and Recreation > Cricket Ground,36
Dining and Drinking > Restaurant > Halal Restaurant,36
Community and Government > Education > Language School,36
Business and Professional Services > Warehouse,36
Dining and Drinking > Restaurant > Indian Restaurant > Rajasthani Restaurant,36
Dining and Drinking > Restaurant > Asian Restaurant > Tibetan Restaurant,36
Landmarks and Outdoors > Scenic Lookout,35
Community and Government > Education > Primary and Secondary School > Elementary School,35
Event > Marketplace > Street Food Gathering,35
Business and Professional Services > Renewable Energy Service,34
Business and Professional Services > Child Care Service > Daycare,34
Landmarks and Outdoors > Monument,34
Community and Government > Government Building > Capitol Building,34
Sports and Recreation > Basketball > Basketball Court,34
Retail > Luggage Store,34
Business and Professional Services > Pet Service,34
Business and Professional Services > Petroleum Supplier,33
Business and Professional Services > Home Improvement Service > Professional Cleaning Service,33
Landmarks and Outdoors > Plaza,33
Community and Government > Government Building > City Hall,33
Dining and Drinking > Restaurant > Indian Restaurant > Udupi Restaurant,33
Landmarks and Outdoors > States and Municipalities > City,33
Retail > Food and Beverage Retail > Grocery Store > Organic Grocery,33
Travel and Transportation > Rest Area,32
Community and Government > Government Building > Government Department,32
Dining and Drinking > Restaurant > Mexican Restaurant > Taco Restaurant,31
Community and Government > Cultural Center,31
Business and Professional Services > Office > Office Building,31
Retail > Hobby Store,31
Arts and Entertainment > Comedy Club,31
Landmarks and Outdoors > Campground,31
Business and Professional Services > Scientific Equipment Supplier,31
Business and Professional Services > Art Studio,31
Business and Professional Services > Health and Beauty Service > Massage Clinic,31
Dining and Drinking > Restaurant > Falafel Restaurant,31
Travel and Transportation > Bike Rental,31
Business and Professional Services > Laboratory,30
Community and Government > Education > College and University > College Arts Building,30
Business and Professional Services > Automation and Control System,30
Retail > Leather Goods Store,29
Business and Professional Services > Financial Service > Loans Agency,29
Community and Government > Cemetery,29
Community and Government > Government Building > Courthouse,29
Dining and Drinking > Restaurant > Indian Restaurant > Dhaba,29
Health and Medicine > Physical Therapy Clinic,29
Business and Professional Services > Publisher,29
Retail > Food and Beverage Retail > Coffee Roaster,28
Business and Professional Services > Health and Beauty Service > Skin Care Clinic,28
Dining and Drinking > Restaurant > Eastern European Restaurant,28
Dining and Drinking > Restaurant > Salad Restaurant,28
Community and Government > Education > Adult Education,28
Travel and Transportation > Transport Hub > Light Rail Station,28
Dining and Drinking > Restaurant > Asian Restaurant > Japanese Restaurant > Sushi Restaurant,28
Health and Medicine > Physician > Obstetrician Gynecologist (Ob-gyn),28
Travel and Transportation > Lodging > Hotel > Hotel Pool,27
Business and Professional Services > Management Consultant,27
Business and Professional Services > Home Improvement Service > Kitchen Remodeler,27
Dining and Drinking > Restaurant > Indian Restaurant > Chettinad Restaurant,27
Community and Government > Education > College and University > College Gym,26
Dining and Drinking > Restaurant > Wings Joint,26
Dining and Drinking > Restaurant > Indian Restaurant > Bengali Restaurant,26
Dining and Drinking > Restaurant > Modern European Restaurant,26
Business and Professional Services > Home Improvement Service > Landscaper and Gardener,26
Community and Government > Education > Primary and Secondary School > Middle School,25
Arts and Entertainment > Aquarium,25
Dining and Drinking > Bagel Shop,25
Dining and Drinking > Bar > Whisky Bar,25
Dining and Drinking > Restaurant > Asian Restaurant > Chinese Restaurant > Dim Sum Restaurant,25
Business and Professional Services > Distribution Center,25
Sports and Recreation > Golf > Golf Course,25
Business and Professional Services > Office > Corporate Cafeteria,25
Health and Medicine > Maternity Clinic,24
Retail > Perfume Store,24
Dining and Drinking > Restaurant > Turkish Restaurant,23
Business and Professional Services > Translation Service,23
Business and Professional Services > Leather Supplier,23
Business and Professional Services > Entertainment Service,23
Arts and Entertainment > Amusement Park,23
Health and Medicine > Physician > Dermatologist,23
Travel and Transportation > Platform,23
Arts and Entertainment > Casino,22
Arts and Entertainment > Stadium,22
Dining and Drinking > Restaurant > Asian Restaurant > Noodle Restaurant,22
Business and Professional Services > Logging Service,22
Dining and Drinking > Bar > Rooftop Bar,21
Health and Medicine > Blood Bank,21
Business and Professional Services > Financial Service > Currency Exchange,21
Event > Entertainment Event > Festival,21
Business and Professional Services > Media Agency,21
Retail > Framing Store,21
Dining and Drinking > Winery,20
Landmarks and Outdoors > Hiking Trail,20
Business and Professional Services > Shoe Repair Service,20
Retail > Costume Store,20
Health and Medicine > Mental Health Service > Mental Health Clinic,20
Dining and Drinking > Bar > Karaoke Bar,20
Retail > Discount Store,20
Business and Professional Services > Funeral Home,19
Retail > Newsstand,19
Business and Professional Services > Water Treatment Service,19
Retail > Video Store,19
Community and Government > Utility Company,19
Retail > Sporting Goods Retail > Fishing Store,19
Retail > Pawn Shop,18
Retail > Furniture and Home Store > Housewares Store,18
Business and Professional Services > Real Estate Service > Real Estate Appraiser,18
Community and Government > Social Club,18
Retail > Vintage and Thrift Store,18
Retail > Food and Beverage Retail > Dairy Store,18
Arts and Entertainment > Performing Arts Venue > Music Venue > Rock Club,17
Travel and Transportation > Lodging > Vacation Rental,17
Dining and Drinking,17
Dining and Drinking > Creperie,16
Dining and Drinking > Restaurant > Indian Restaurant > Gujarati Restaurant,16
Business and Professional Services > Rental Service,16
Health and Medicine > Emergency Service > Emergency Room,16
Dining and Drinking > Smoothie Shop,16
Arts and Entertainment > Strip Club,16
Dining and Drinking > Restaurant > Indian Restaurant > Northeast Indian Restaurant,16
Business and Professional Services > Industrial Estate,15
Arts and Entertainment > Public Art,15
Travel and Transportation > Electric Vehicle Charging Station,15
Sports and Recreation > Gym and Studio > Gym Pool,15
Community and Government > Education > Private School,15
Dining and Drinking > Restaurant > Indian Restaurant > Maharashtrian Restaurant,15
Business and Professional Services > Real Estate Service > Building and Land Surveyor,15
Business and Professional Services > Research Laboratory,15
Dining and Drinking > Restaurant > Asian Restaurant > Chinese Restaurant > Szechuan Restaurant,15
Dining and Drinking > Bar > Dive Bar,15
Dining and Drinking > Restaurant > Australian Restaurant,15
Dining and Drinking > Bar > Speakeasy,14
Dining and Drinking > Restaurant > Asian Restaurant > Vietnamese Restaurant,14
Sports and Recreation > Race Track,14
Retail > Food and Beverage Retail > Cheese Store,14
Community and Government > Education > College and University > College Bookstore,14
Community and Government > Education > College and University > Community College,14
Health and Medicine > Physician > Plastic Surgeon,14
Business and Professional Services > Tutoring Service,14
Landmarks and Outdoors,14
Health and Medicine > Other Healthcare Professional,14
Business and Professional Services > Photography Service > Photographer,14
Community and Government > Education > College and University > Fraternity House,14
Business and Professional Services > Child Care Service,14
and Tea House > Pet Café,14
Business and Professional Services > Radio Station,14
Business and Professional Services > Welding Service,13
Retail > Adult Store,13
Dining and Drinking > Restaurant > Soup Spot,13
Retail > Food and Beverage Retail > Meat and Seafood Store,13
Landmarks and Outdoors > Roof Deck,13
Sports and Recreation > Martial Arts Dojo,13
Retail > Outdoor Supply Store,13
Health and Medicine > Nutritionist,13
Community and Government > Animal Shelter,13
Business and Professional Services > Home Improvement Service > Plumber,13
Business and Professional Services > Film Studio,12
Business and Professional Services > Automotive Service > Motorcycle Repair Shop,12
Business and Professional Services > Home Improvement Service > Roofer,12
Dining and Drinking > Bar > Beer Bar,12
Dining and Drinking > Restaurant > Middle Eastern Restaurant > Shawarma Restaurant,12
Health and Medicine > Emergency Service > Ambulance Service,12
Dining and Drinking > Restaurant > Hot Dog Joint,12
Business and Professional Services > Outdoor Event Space,12
Business and Professional Services > Recording Studio,12
Community and Government > Education > College and University > College Cricket Pitch,12
Arts and Entertainment > Museum,12
Business and Professional Services > Health and Beauty Service > Barbershop,12
Business and Professional Services > Market Research and Consulting Service,12
Dining and Drinking > Restaurant > American Restaurant > New American Restaurant,12
Community and Government > Spiritual Center > Shrine,11
Community and Government > Education > College and University > College Rec Center,11
Event > Entertainment Event > Music Festival,11
Business and Professional Services > Recycling Facility,11
Dining and Drinking > Restaurant > German Restaurant,11
Community and Government > Education > College and University > College Theater,11
Travel and Transportation > Lodging > Inn,11
Sports and Recreation > Water Sports > Swimming > Swim School,11
Business and Professional Services > Career Counselor,11
Community and Government > Polling Place,11
Health and Medicine > Physician > Oncologist,11
Community and Government > Education > Art School,11
Dining and Drinking > Dessert Shop > Gelato Shop,11
Health and Medicine > Physician > Urologist,11
Landmarks and Outdoors > Hot Spring,11
Retail > Computers and Electronics Retail > Video Games Store,11
Arts and Entertainment > Fair,11
Business and Professional Services > Financial Service > Banking and Finance > Credit Union,11
Business and Professional Services > Legal Service > Immigration Attorney,10
Community and Government > Education > College and University > College Quad,10
Retail > Supplement Store,10
Health and Medicine > Mental Health Service > Psychologist,10
Community and Government > Government Building > Law Enforcement and Public Safety > Fire Station,10
Business and Professional Services > Home Improvement Service > Bathroom Contractor,10
Landmarks and Outdoors > Botanical Garden,10
Business and Professional Services > Refrigeration and Ice Supplier,10
Dining and Drinking > Restaurant > Portuguese Restaurant,10
Event > Marketplace > Street Fair,10
Community and Government > Rehabilitation Center,10
Sports and Recreation > Gymnastics > Gymnastics Center,10
Arts and Entertainment > Performing Arts Venue > Indie Theater,10
Landmarks and Outdoors > Sculpture Garden,10
Retail > Automotive Retail > Motorsports Store,10
Travel and Transportation > Boat or Ferry,10
Landmarks and Outdoors > Mountain,10
Arts and Entertainment > Water Park,10
Retail > Mobility Store,10
Health and Medicine > Weight Loss Center,9
Business and Professional Services > Online Advertising Service,9
Dining and Drinking > Restaurant > Middle Eastern Restaurant > Persian Restaurant,9
Retail > Record Store,9
Dining and Drinking > Restaurant > African Restaurant,9
Health and Medicine > Physician > Orthopedic Surgeon,9
Dining and Drinking > Restaurant > Middle Eastern Restaurant > Lebanese Restaurant,9
Arts and Entertainment > Party Center,9
Business and Professional Services > Real Estate Service > Commercial Real Estate Developer,9
Dining and Drinking > Restaurant > Asian Restaurant > Japanese Restaurant > Ramen Restaurant,9
Community and Government > Education > College and University > College Communications Building,9
Dining and Drinking > Restaurant > Indian Restaurant > Goan Restaurant,9
Dining and Drinking > Dessert Shop > Waffle Shop,9
Arts and Entertainment > Stadium > Tennis Stadium,9
Community and Government > Education > College and University > College Soccer Field,9
Arts and Entertainment > Museum > Science Museum,8
Dining and Drinking > Distillery,8
Dining and Drinking > Bar > Irish Pub,8
Retail > Board Store,8
Retail > Furniture and Home Store > Carpet Store,8
Sports and Recreation > Running and Track > Track,8
Arts and Entertainment > Stadium > Football Stadium,8
Retail > Food and Beverage Retail > Beer Store,8
Business and Professional Services > Direct Mail and Email Marketing Service,8
Landmarks and Outdoors > States and Municipalities > Village,8
Travel and Transportation > Transport Hub > Airport,8
Health and Medicine > Hospital > Children's Hospital,8
Community and Government > Education > College and University > Law School,8
Business and Professional Services > Financial Service > Stock Broker,8
Business and Professional Services > Human Resources Agency,7
Health and Medicine > Home Health Care Service,7
Landmarks and Outdoors > Castle,7
Arts and Entertainment > Circus,7
Dining and Drinking > Vineyard,7
Dining and Drinking > Restaurant > Asian Restaurant > Burmese Restaurant,7
Community and Government > Education > Religious School,7
Landmarks and Outdoors > Beach,7
Retail > Fireworks Store,7
Travel and Transportation > Transportation Service > Public Transportation,7
Dining and Drinking > Restaurant > Turkish Restaurant > Doner Restaurant,7
Business and Professional Services > Health and Beauty Service > Tanning Salon,7
Arts and Entertainment > Escape Room,7
Community and Government > Education > College and University > College Basketball Court,7
Business and Professional Services > Health and Beauty Service > Body Piercing Shop,7
Business and Professional Services > Laundromat,7
Dining and Drinking > Restaurant > Asian Restaurant > Chinese Restaurant > Cantonese Restaurant,7
Business and Professional Services > Ballroom,7
Retail > Big Box Store,7
Business and Professional Services > Locksmith,7
Dining and Drinking > Restaurant > English Restaurant,7
Retail > Automotive Retail,7
Community and Government > Senior Citizen Service,7
Landmarks and Outdoors > Surf Spot,6
Sports and Recreation > Gym and Studio > Climbing Gym,6
Business and Professional Services > Home Improvement Service > Swimming Pool Maintenance and Service,6
Business and Professional Services > Home Improvement Service > Carpenter,6
Arts and Entertainment > Museum > Art Museum,6
Business and Professional Services > Office > Corporate Coffee Shop,6
Landmarks and Outdoors > Rock Climbing Spot,6
Travel and Transportation > Transport Hub,6
Health and Medicine > Women's Health Clinic,6
Community and Government > Prison,6
Arts and Entertainment > Public Art > Street Art,6
Community and Government > Spiritual Center > Sikh Temple,6
Dining and Drinking > Restaurant > Latin American Restaurant > South American Restaurant > Peruvian Restaurant,6
Health and Medicine > Mental Health Service,6
Retail > Bookstore > Used Bookstore,6
Dining and Drinking > Bar > Gay Bar,6
Health and Medicine > Acupuncture Clinic,6
Dining and Drinking > Restaurant > Spanish Restaurant,6
Business and Professional Services > Waste Management Service,6
Landmarks and Outdoors > Stable,6
Business and Professional Services > Home Improvement Service > Fence Contractor,6
Community and Government > Government Building > Law Enforcement and Public Safety,6
Community and Government > Retirement Home,6
Landmarks and Outdoors > Pedestrian Plaza,6
Travel and Transportation > Toll Plaza,6
Business and Professional Services > Mobile Company,6
Arts and Entertainment > Country Dance Club,6
Landmarks and Outdoors > Well,6
Landmarks and Outdoors > River,6
Community and Government > Education > Culinary School,6
Health and Medicine > Physician > Pediatrician,6
Sports and Recreation > Gym and Studio > Boxing Gym,6
Community and Government > Education > College and University > Sorority House,6
Arts and Entertainment > Performing Arts Venue > Music Venue > Jazz and Blues Venue,6
Business and Professional Services > TV Station,5
Dining and Drinking > Restaurant > Greek Restaurant,5
Dining and Drinking > Restaurant > Latin American Restaurant > Arepa Restaurant,5
Community and Government > Education > College and University > College Football Field,5
Dining and Drinking > Restaurant > Indian Restaurant > Jain Restaurant,5
Arts and Entertainment > Stadium > Baseball Stadium,5
Business and Professional Services > Pet Service > Pet Sitting and Boarding Service,5
Travel and Transportation > Truck Stop,5
Business and Professional Services > Research Station,5
Dining and Drinking > Night Market,5
Health and Medicine > Physician > Oral Surgeon,5
Arts and Entertainment > Stadium > Soccer Stadium,5
Arts and Entertainment > Salsa Club,5
Dining and Drinking > Restaurant > Indian Restaurant > Parsi Restaurant,5
Retail > Automotive Retail > Car Dealership > New Car Dealership,5
Dining and Drinking > Restaurant > Mexican Restaurant > Tex-Mex Restaurant,5
Sports and Recreation > Gym and Studio > Cycle Studio,5
Health and Medicine > Physician > Pathologist,5
Arts and Entertainment > Public Art > Outdoor Sculpture,5
Dining and Drinking > Restaurant > Indian Restaurant > Irani Cafe,5
Travel and Transportation > Transport Hub > Airport > Airport Terminal,5
Dining and Drinking > Restaurant > Asian Restaurant > Korean Restaurant > Korean BBQ Restaurant,5
Dining and Drinking > Restaurant > Caribbean Restaurant,5
Dining and Drinking > Restaurant > Asian Restaurant > Himalayan Restaurant,5
Travel and Transportation > Transport Hub > Airport > Plane,5
Arts and Entertainment > Performing Arts Venue > Amphitheater,5
Landmarks and Outdoors > Memorial Site,4
Health and Medicine > Physician > Cardiologist,4
Health and Medicine > Sports Medicine Clinic,4
Arts and Entertainment > Zoo,4
Landmarks and Outdoors > Lighthouse,4
Health and Medicine > Hospital > Hospital Unit,4
Community and Government > Education > College and University > College Math Building,4
Dining and Drinking > Restaurant > Belgian Restaurant,4
Dining and Drinking > Restaurant > Molecular Gastronomy Restaurant,4
Landmarks and Outdoors > Nature Preserve,4
Landmarks and Outdoors > Fountain,4
Dining and Drinking > Restaurant > Spanish Restaurant > Tapas Restaurant,4
Sports and Recreation > Racquet Sports > Squash Court,4
Retail > Sporting Goods Retail > Hunting Supply Store,4
Business and Professional Services > Legal Service > Notary,4
Dining and Drinking > Restaurant > Caribbean Restaurant > Cuban Restaurant,4
Landmarks and Outdoors > Tree,4
Travel and Transportation > Hot Air Balloon Tour Agency,4
Business and Professional Services > Home Improvement Service > Upholstery Service,4
Sports and Recreation > Racquet Sports > Racquet Sport Club,4
Community and Government > Spiritual Center > Prayer Room,4
Arts and Entertainment > Exhibit,4
Sports and Recreation > Paintball Field,4
Retail > Automotive Retail > Motor Scooter Dealership,4
Travel and Transportation > Toll Booth,4
Dining and Drinking > Restaurant > Asian Restaurant > Malay Restaurant,4
Retail > Souvenir Store,4
Landmarks and Outdoors > Bathing Area,3
Retail > Tobacco Store,3
Dining and Drinking > Restaurant > Indian Restaurant > Awadhi Restaurant,3
Sports and Recreation > Gym and Studio > Pilates Studio,3
Arts and Entertainment > Dance Hall,3
Sports and Recreation > Baseball > Baseball Field,3
Sports and Recreation > Personal Trainer,3
Arts and Entertainment > Movie Theater > Drive-in Theater,3
Health and Medicine > Physician > Ophthalmologist,3
Dining and Drinking > Restaurant > Spanish Restaurant > Paella Restaurant,3
Arts and Entertainment > Stadium > Track Stadium,3
Community and Government > Public Bathroom,3
Health and Medicine > Chiropractor,3
Arts and Entertainment > Go Kart Track,3
Arts and Entertainment > Zoo > Zoo Exhibit,3
Health and Medicine > Physician > Neurologist,3
Dining and Drinking > Bar > Sake Bar,3
Business and Professional Services > Power Plant,3
Dining and Drinking > Restaurant > Scandinavian Restaurant,3
Sports and Recreation > Snow Sports > Ski Resort and Area,3
Business and Professional Services > Health and Beauty Service > Bath House,3
Health and Medicine > Nurse,3
Dining and Drinking > Restaurant > Latin American Restaurant,3
Landmarks and Outdoors > Harbor or Marina,3
Business and Professional Services > Pet Service > Pet Grooming Service,3
Dining and Drinking > Restaurant > Moroccan Restaurant,3
Landmarks and Outdoors > Bike Trail,3
Business and Professional Services > Health and Beauty Service > Hair Removal Service,3
Retail > Outlet Mall,3
Sports and Recreation > Volleyball Court,3
Event,3
Landmarks and Outdoors > States and Municipalities,3
Dining and Drinking > Dessert Shop > Pie Shop,3
Business and Professional Services > Automotive Service > Vehicle Inspection Station,3
Community and Government > Summer Camp,3
Event > Entertainment Event > Sporting Event,3
Dining and Drinking > Restaurant > Gluten-Free Restaurant,3
Dining and Drinking > Restaurant > Pakistani Restaurant,3
Arts and Entertainment > Ticket Seller,3
Landmarks and Outdoors > States and Municipalities > Town,3
Business and Professional Services > Financial Service > Business Broker,3
Landmarks and Outdoors > Palace,3
Arts and Entertainment > Museum > History Museum,3
Community and Government > Housing Authority,3
Sports and Recreation > Skating > Skating Rink,3
Retail > Pop-Up Store,3
Business and Professional Services > Writing,3
Copywriting and Technical Writing Service,3
Dining and Drinking > Restaurant > Asian Restaurant > Indonesian Restaurant,3
Dining and Drinking > Restaurant > Latin American Restaurant > South American Restaurant > Argentinian Restaurant,2
Dining and Drinking > Bar > Piano Bar,2
Retail > Sporting Goods Retail > Gun Store,2
Dining and Drinking > Restaurant > Latin American Restaurant > South American Restaurant > Brazilian Restaurant,2
Health and Medicine > Physician > Psychiatrist,2
Landmarks and Outdoors > Park > National Park,2
Travel and Transportation > Cruise,2
Landmarks and Outdoors > Waterfront,2
Arts and Entertainment > Stadium > Hockey Stadium,2
Community and Government > Organization > Youth Organization,2
Arts and Entertainment > Amusement Park > Attraction,2
Retail > Knitting Store,2
Health and Medicine > Physician > Internal Medicine Doctor,2
Arts and Entertainment > Performing Arts Venue > Opera House,2
Health and Medicine > Urgent Care Center,2
Landmarks and Outdoors > Forest,2
Community and Government > Education > College and University > College History Building,2
Sports and Recreation > Gymnastics,2
Business and Professional Services > Equipment Rental Service,2
Business and Professional Services > Automotive Service > Oil Change Service,2
Business and Professional Services > Automotive Service > Towing Service,2
Business and Professional Services > Promotional Item Service,2
Business and Professional Services > Financial Service > Check Cashing Service,2
Sports and Recreation > Gym and Studio > Outdoor Gym,2
Retail > Comic Book Store,2
Arts and Entertainment > VR Cafe,2
Dining and Drinking > Restaurant > Hungarian Restaurant,2
Sports and Recreation > Snow Sports > Ski Lodge,2
Community and Government > Education > College and University > College Track,2
Health and Medicine > Emergency Service,2
Retail > Floating Market,2
Community and Government > Education > College and University > College Tennis Court,2
Dining and Drinking > Restaurant > Mac and Cheese Joint,2
Landmarks and Outdoors > Volcano,2
Retail > Party Supply Store,2
Dining and Drinking > Restaurant > African Restaurant > Ethiopian Restaurant,2
Sports and Recreation > Football,2
Event > Entertainment Event,2
Dining and Drinking > Bar > Apres Ski Bar,2
Event > Marketplace > Trade Fair,2
Landmarks and Outdoors > Island,2
Community and Government > Education > Flight School,2
Health and Medicine > Physician > Gastroenterologist,2
Community and Government > Observatory,2
Travel and Transportation > Transport Hub > Airport > Airport Lounge,2
Health and Medicine > Physician > Respiratory Doctor,2
Dining and Drinking > Restaurant > Russian Restaurant,2
Community and Government > Education > College and University > College Stadium,2
Sports and Recreation > Racquet Sports,2
Sports and Recreation > Skating > Skate Park,2
Dining and Drinking > Restaurant > French Restaurant > Brasserie,2
Community and Government > Trailer Park,2
Business and Professional Services > Creative Service,2
Travel and Transportation > Cable Car,2
Sports and Recreation > Hockey > Hockey Field,1
Landmarks and Outdoors > Reservoir,1
Dining and Drinking > Bar > Tiki Bar,1
Dining and Drinking > Restaurant > Hawaiian Restaurant,1
Sports and Recreation > Gun Range,1
Retail > Cannabis Store,1
Dining and Drinking > Restaurant > Latin American Restaurant > Empanada Restaurant,1
Dining and Drinking > Restaurant > Asian Restaurant > Chinese Restaurant > Taiwanese Restaurant,1
Health and Medicine > Hospice,1
Dining and Drinking > Restaurant > Bangladeshi Restaurant,1
Sports and Recreation > Athletic Field,1
Retail > Vending Machine,1
Dining and Drinking > Restaurant > Middle Eastern Restaurant > Yemeni Restaurant,1
Event > Marketplace > Christmas Market,1
Community and Government > Addiction Treatment Center,1
Dining and Drinking > Restaurant > Middle Eastern Restaurant > Iraqi Restaurant,1
Sports and Recreation > Running and Track,1
Sports and Recreation > Football > Football Club,1
Landmarks and Outdoors > Dive Spot,1
Business and Professional Services > Art Restoration Service,1
Community and Government > Spiritual Center > Synagogue,1
Retail > Fashion Retail > Sunglasses Store,1
Sports and Recreation > Bowling Green,1
Travel and Transportation > Transport Hub > Airport > Airport Food Court,1
Health and Medicine > Physician > Family Medicine Doctor,1
Dining and Drinking > Restaurant > Asian Restaurant > Japanese Restaurant > Udon Restaurant,1
Landmarks and Outdoors > Park > Urban Park,1
Landmarks and Outdoors > Tunnel,1
Community and Government > Organization > Social Services Organization,1
Community and Government > Spiritual Center > Kingdom Hall,1
Dining and Drinking > Restaurant > Asian Restaurant > Hotpot Restaurant,1
Health and Medicine > Assisted Living Service,1
Travel and Transportation > Baggage Locker,1
Business and Professional Services > Entertainment Agency,1
Dining and Drinking > Restaurant > Asian Restaurant > Japanese Restaurant > Shabu-Shabu Restaurant,1
Sports and Recreation > Football > Football Field,1
Retail > Food and Beverage Retail > Sausage Store,1
Dining and Drinking > Restaurant > Asian Restaurant > Satay Restaurant,1
Event > Marketplace,1
Business and Professional Services > Food and Beverage Service > Food Distribution Center,1
Landmarks and Outdoors > Park > State or Provincial Park,1
Arts and Entertainment > Mini Golf Course,1
Dining and Drinking > Restaurant > Cajun and Creole Restaurant,1
Sports and Recreation > Water Sports > Rafting Spot,1
Dining and Drinking > Restaurant > Asian Restaurant > Chinese Restaurant > Chinese Aristocrat Restaurant,1
Arts and Entertainment > Laser Tag Center,1
Arts and Entertainment > Roller Rink,1
Dining and Drinking > Bar > Ice Bar,1
Radio and Outdoor Advertising Service,1
TV,1
Business and Professional Services > Print,1
Retail > Fashion Retail > Swimwear Store,1
Dining and Drinking > Restaurant > Asian Restaurant > Cambodian Restaurant,1
Dining and Drinking > Restaurant > Greek Restaurant > Souvlaki Shop,1
Nose and Throat Doctor,1
Travel and Transportation > Port,1
Health and Medicine > Physician > Ear,1
Dining and Drinking > Restaurant > Asian Restaurant > Japanese Restaurant > Japanese Curry Restaurant,1
Health and Medicine > Physician > General Surgeon,1
Sports and Recreation > Water Sports,1
Sports and Recreation > Basketball,1
Dining and Drinking > Bar > Beach Bar,1
Sports and Recreation > Racquet Sports > Tennis > Tennis Club,1
Arts and Entertainment > Planetarium,1
Retail > Sporting Goods Retail > Skate Store,1
Dining and Drinking > Restaurant > Latin American Restaurant > South American Restaurant > Brazilian Restaurant > Acai House,1
Retail > Food and Beverage Retail > Imported Food Store,1
Community and Government > Spiritual Center > Monastery,1
Retail > Vape Store,1
Arts and Entertainment > Stadium > Basketball Stadium,1
Health and Medicine > Physician > Geriatric Doctor,1
Community and Government > Spiritual Center > Buddhist Temple,1
Sports and Recreation > Golf > Golf Driving Range,1
Community and Government > Education > College and University > College Hockey Rink,1
Travel and Transportation > Transportation Service > Charter Bus,1
Landmarks and Outdoors > Windmill,1
Sports and Recreation > Race Track > Racecourse,1
